Name,Age,Exchanges,Markets,All Time High,Circulating Supply,Total Supply,Max Supply,Rate,Volume,Cap,Liquidity,Delta Hour Change,Delta Day Change,Delta Week Change,Delta Month Change,Delta Year Change
Bitcoin,3995,188,3081,73781.24185982272,19676437,19676437,21000000,69450.12130532124,16752785068,1366530936506,1322160042,1.0012,1.0014,0.9823,1.0159,2.4583
Bitcoin,3995,188,3084,73781.24185982272,19676437,19676437,21000000,69493.78627723949,16640757631,1367390107575,1304423285,0.999,1.0009,0.9838,1.0157,2.4597
Bitcoin,3995,188,3084,73781.24185982272,19676437,19676437,21000000,69509.6896905686,16648501465,1367703030086,1302309507,0.9992,1.0012,0.9847,1.0154,2.4603
Bitcoin,3995,188,3085,73781.24185982272,19676437,19676437,21000000,69570.16766058464,16624668050,1368893021052,1308812334,0.9997,1.0018,0.9852,1.0169,2.462
Bitcoin,3995,188,3085,73781.24185982272,19676437,19676437,21000000,69603.02557751765,16625852611,1369539547785,1309382366,1.0012,1.0013,0.9862,1.0177,2.4622
Bitcoin,3995,188,3085,73781.24185982272,19676525,19676525,21000000,69644.12020668412,16722073443,1370354272349,1336041810,1.0025,1.0019,0.9875,1.0181,2.4628
Bitcoin,3995,188,3085,73781.24185982272,19676525,19676525,21000000,69644.56790071199,16718626706,1370363081412,1340861088,1.0025,1.0019,0.9875,1.0181,2.4628
Bitcoin,3995,188,3085,73781.24185982272,19676525,19676525,21000000,69655.89508212543,16721390610,1370585960980,1337990201,1.0026,1.0021,0.9876,1.0182,2.4632
