Name,Age,Exchanges,Markets,All Time High,Circulating Supply,Total Supply,Max Supply,Rate,Volume,Cap,Liquidity
Bitcoin,3987,185,3158,73781.24185982272,19669518,19669518,21000000,71096.4750807662,15750124308,1398433396337,1388643053
