Name,Age,Exchanges,Markets,All Time High,Circulating Supply,Total Supply,Max Supply,Rate,Volume,Cap,Liquidity
Bitcoin,3981,182,3137,73781.24185982272,19663575,19663575,21000000,67079.7143901003,24097396630,1319026994888,1256666494
Bitcoin,3981,182,3137,73781.24185982272,19663575,19663575,21000000,67038.66050193981,24083467771,1318219728679,1258476823
Bitcoin,3981,182,3137,73781.24185982272,19663575,19663575,21000000,67010.79943830137,24070914531,1317671880564,1271226173
