Name,Age,Exchanges,Markets,All Time High,Circulating Supply,Total Supply,Max Supply,Rate,Volume,Cap,Liquidity
Bitcoin,3989,185,3189,73781.24185982272,19671325,19671325,21000000,65449.041055996306,41574672414,1.28747E+12,1292510574
Bitcoin,3990,186,3180,73781.24185982272,19671643,19671643,21000000,65445.66143009514,44848804057,1287423687551,1236663712
Bitcoin,3990,186,3180,73781.24185982272,19671643,19671643,21000000,65533.247754202726,44964085106,1289146654451,1237995647
Bitcoin,3990,186,3180,73781.24185982272,19671643,19671643,21000000,65598.73371551417,45067611900,1290434870903,1213331702
Bitcoin,3990,186,3180,73781.24185982272,19671643,19671643,21000000,65646.035663406,45217455576,1291365377935,1222305184
Bitcoin,3990,186,3182,73781.24185982272,19671643,19671643,21000000,65650.00421210674,45296784126,1291443445809,1250205301
Bitcoin,3990,188,3086,73781.24185982272,19672312,19672312,21000000,65980.53571967904,30364115870,1297989684604,1331307221
Bitcoin,3990,188,3085,73781.24185982272,19672312,19672312,21000000,65906.82061533393,30071141518,1296539538072,1274310063
Bitcoin,3990,188,3085,73781.24185982272,19672312,19672312,21000000,65891.15118739876,30030877495,1296231284197,1280947217
